ProblemId,ProblemName,conv0,it0,conv1,it1,relation,isEffective,id,path,rows,cols,nonzeros,posdef,nsym,psym,density,avg_nnz,max_nnz,std_nnz,avg_row_block_count,std_row_block_count,min_row_block_count,max_row_block_count,avg_row_block_size,std_row_block_size,min_row_block_size,max_row_block_size,block_count
467,Grund/poli,1,23,1,54,0.425925925925926,0,467,/home/anna/.ssgetpy/MM/Grund/poli/poli.mtx,4008,4008,8188,False,0.002392344497607655,0.0291866028708134,0.0005097091246648419,2.0429141716566868,63,3.5704563257195883,1.3041417165668663,1.0451689125518029,1,17,1.566481729481538,1.9228295066023706,1,32,5227
540,Hamm/add32,0,54,1,65,0.830769230769231,1,540,/home/anna/.ssgetpy/MM/Hamm/add32/add32.mtx,4960,4960,19848,False,0.3052122514777001,1.0,0.0009708311654526534,4.815322580645161,15,1.9308607419994834,2.992741935483871,2.1658892752764496,1,22,1.6090002694691459,0.6775571125724799,1,5,14844
